Year,FCF ($bn),Discount Factor,PV of FCF ($bn),PV of TV ($bn)
1,18,0.9259259259259258,16.666666666666664,
2,19,0.8573388203017832,16.289437585733882,
3,20,0.7938322410201696,15.876644820403392,
4,21,0.7350298527964533,15.435626908725519,
5,22,0.6805831970337529,14.972830334742564,254.53811569062364
